端口,板块,功能点,详细功能描述,功能逻辑,备注
学生端,账户与认证,邮箱注册,学生通过 Email + 密码注册账户,校验邮箱合法性 → 发送激活邮件（SendGrid/SES）→ 24h 内点击链接激活 → 创建账户 → 写入默认绑定（推荐码/分销短链/分店）→ 永久绑定写入,P0；界面与推送支持 ru / uz / en / zh-CN 四语言，默认 ru；Email + Telegram chat_id + Device ID(IDFA/AAID) 多因子绑定；绑定关系永久保留，仅总部审核可解绑
学生端,账户与认证,邮箱激活,首次注册必须激活邮箱才能登录,未激活账户登录直接拦截 → 引导『重新发送激活邮件』(限频 60s/次)；激活成功后跳转登录页,P0
学生端,账户与认证,邮箱登录,Email + 密码登录,密码错误 5 次锁定 10 分钟 → 锁定期可走『忘记密码』；登录成功下发 JWT + Refresh Token,P0
学生端,账户与认证,忘记密码,Email 验证后重置密码,提交邮箱 → 发送一次性重置链接（15 分钟有效）→ 设置新密码 → 强制下线所有会话,P0
学生端,账户与认证,修改密码,登录态下修改密码,校验旧密码 → 设置新密码（强度校验）→ 通知 Email + Telegram 已修改 → 失败次数过多触发风控,P0
学生端,账户与认证,邮箱变更,学员更换登录邮箱,新邮箱发送验证码 → 旧邮箱收到变更通知 → 双向确认后生效；变更后绑定关系不变,P0
学生端,账户与认证,Telegram chat_id 绑定,登录后引导绑定 Telegram 用于推送,个人中心点击『绑定 Telegram』→ 系统生成一次性 token（10 分钟有效）→ 唤起 Telegram Bot 深链 → 用户在 Bot 中发送 /verify <token> → 后端校验并写入 chat_id → 4 语言反馈绑定结果,P0；Telegram Bot 推送为主，Email(SendGrid/SES) + APNs/FCM 兜底
学生端,账户与认证,Telegram 推送身份解绑,学员可解绑 Telegram chat_id,解绑后 Email + 应用内推送继续工作；绑定关系（学员-分店-教师-分销员）保留不受影响,P1；Email + Telegram chat_id + Device ID(IDFA/AAID) 多因子绑定；绑定关系永久保留，仅总部审核可解绑
学生端,账户与认证,未成年人保护（COPPA）,K12 未成年学员强制家长 Verifiable Consent,注册时学员勾选『我未满 13/18 岁』→ 强制填写家长 Email → 家长收到 Verifiable Consent 邮件（含明确数据用途）→ 家长同意后开通账户 → 否则限制大额支付、直播私聊、AI 助手个性化推荐,P0；合规（COPPA）
学生端,账户与认证,家长-学员双向授权,学员申请绑定家长，家长 Email 确认后生效,学员发起 → 系统下发家长 Email 授权链接 + Telegram 通知（若家长已绑 TG）→ 家长同意 → 写入授权范围（学情/证书/消费）,P0；Telegram Bot 推送为主，Email(SendGrid/SES) + APNs/FCM 兜底
学生端,账户与认证,账号注销,学员发起注销，冷静期 7 天,冷静期内可撤销；到期清理个人数据但保留必要交易凭证（按乌兹别克 ZRU-547 与税务留存要求）,P1；合规
学生端,账户与认证,语言偏好,首次进入按手机系统语言自动落地，可在设置切换 4 语言,首次启动读取 Accept-Language / 系统 Locale → 命中 ru/uz/en/zh 之一即用；其它一律 fallback ru；用户切换后写入用户偏好，全端生效,P0；界面与推送支持 ru / uz / en / zh-CN 四语言，默认 ru
学生端,课程中心,课程分类浏览,按语言培训 / K12 学科辅导 / 职业技能三大类目浏览,首页加载分类树 → 进入子分类列表 → 默认按热度排序；类目名按 4 语言展示,P0；界面与推送支持 ru / uz / en / zh-CN 四语言，默认 ru
学生端,课程中心,课程详情展示,展示大纲、教师简介、评价、UZS 价格、已报名人数,聚合课程主数据 + 评价聚合 + 报名计数；命中分销链接时展示专属价/优惠；价格统一 UZS 显示，含千分位（如 1 200 000 UZS）,P0
学生端,课程中心,试听片段播放,提供 5-15 分钟精选片段，免登录可看,点击试听 → 校验试听片段配置 → 调用 CloudFront/Bunny CDN 播放 → 试听满 5 分钟弹注册引导,P0
学生端,课程中心,关键词搜索,按课程名/教师/标签关键词搜索（支持 ru/uz/en/zh）,搜索接入多语分词 + 召回 + 重排 → 支持搜索历史与热词,P0；界面与推送支持 ru / uz / en / zh-CN 四语言，默认 ru
学生端,课程中心,多维度筛选,按价格(UZS)/时间/语言/类型筛选,前端筛选条件组合 → 调用筛选接口 → 支持组合保留与一键清空,P0
学生端,课程中心,课程收藏,收藏感兴趣的课程,点击收藏 → 写入个人收藏夹 → 在『我的-收藏』查看,P1
学生端,课程中心,最近浏览,记录最近 30 条浏览记录,进入详情自动写入 → 支持一键清空,P2
学生端,课程中心,课程评价浏览,查看其他学员评价与晒图,默认按最新排序 → 支持仅看好评/差评 → 评价含图文/视频,P1
学生端,在线学习,录播视频播放,支持已购课程录播视频观看,断点续播：每 5s 上报进度；倍速：0.75/1/1.25/1.5/2 五档；画质自适应 360p/480p/720p/1080p；CDN 使用 CloudFront / Bunny CDN（CIS 地区表现优）,P0
学生端,在线学习,时间轴笔记,在视频任意时间点添加笔记,笔记与时间戳绑定 → 支持文本/截图 → 个人可见 → 可导出 PDF,P0
学生端,在线学习,直播-小班互动,小班课支持举手、答题、白板互动,进入直播间 → 加入 RTC → 举手排队由教师批准 → 白板支持多人协作,P0；依赖直播 SDK（Agora / 100ms / LiveKit；Agora 在 CIS 有节点）
学生端,在线学习,直播-大班讲授,大班课聊天、投票、问答,聊天敏感词过滤（4 语言词库）→ 投票题由教师下发 → 学员答题后实时回写统计,P0
学生端,在线学习,弱网适配,动态码率调整，最低 480p / 1Mbps,客户端检测带宽 → 自动降码率 → 不足 1Mbps 弹『切换音频模式』；针对乌国移动网络做兼容（4G 为主）,P0
学生端,在线学习,回放观看,直播结束后 24h 内生成回放,AWS MediaConvert 转码 → S3 存档 → CloudFront 分发 → 自动用 Whisper 生成 ru/uz/en/zh 多语字幕,P0；AI 字幕
学生端,在线学习,画质切换,手动切换清晰度,支持 自动/360p/480p/720p/1080p；切换时无缝衔接,P1
学生端,在线学习,章节资料下载,下载课件、PPT、习题包,校验购买状态 → 限制每日下载次数 → 带水印（学员 Email 哈希）,P1
学生端,在线学习,多语字幕开关,录播 / 回放可切换 ru/uz/en/zh 字幕,播放器读取课程字幕轨 → 用户选择语言 → 缺失语种回退 ru → 字幕文件 VTT 格式存 S3,P0；界面与推送支持 ru / uz / en / zh-CN 四语言，默认 ru
学生端,学习管理,已购课程列表,卡片式列表，按状态分组：进行中 / 未开始 / 即将到期,查询订单 → 关联课程 → 计算状态：开课时间 vs 当前时间（Asia/Tashkent），到期 ≤30 天标即将到期,P0；全局时区 Asia/Tashkent (UTC+5)
学生端,学习管理,进度追踪,综合章节观看时长 + 作业完成率 + 出勤率计算,公式：进度 = 0.5*观看 + 0.3*作业 + 0.2*出勤；每天 01:00 Asia/Tashkent 重算,P0；全局时区 Asia/Tashkent (UTC+5)
学生端,学习管理,学习日历,日历视图查看本周/本月课表,聚合排课 + 已购课程 → 时间统一 Asia/Tashkent → 支持订阅到本地日历 .ics,P1；全局时区 Asia/Tashkent (UTC+5)
学生端,学习管理,学习报告,周/月度数据摘要，含知识点掌握度雷达图,每周日 22:00 (Tashkent) 生成 → Telegram 推送摘要 + 站内可查全文；报告正文按用户语言偏好渲染,P0；Telegram Bot 推送为主，Email(SendGrid/SES) + APNs/FCM 兜底；界面与推送支持 ru / uz / en / zh-CN 四语言，默认 ru
学生端,学习管理,续费提醒,到期前 30 / 7 / 1 天多通道触达,定时任务扫描到期课 → 触发 30/7/1 天 3 次推送 → 通道：Telegram → Email → APNs/FCM 兜底,P0；Telegram Bot 推送为主，Email(SendGrid/SES) + APNs/FCM 兜底
学生端,学习管理,收藏与笔记中心,集中查看个人笔记与收藏,支持按课程/章节筛选 → 一键导出 PDF,P1
学生端,学习管理,学习时长统计,查看个人累计学习时长与连续天数,每日 00:30 (Tashkent) 结算昨日时长 → 连续打卡发放学分/积分,P1
学生端,学习管理,学习目标设定,设置周/月学习目标,设定目标 → 未达成 Telegram 提醒 → 达成发放奖励积分,P2；Telegram Bot 推送为主，Email(SendGrid/SES) + APNs/FCM 兜底
学生端,学习管理,分享学习报告到 Telegram,学员可把本周报告生成图卡分享到 Telegram,服务端渲染 4 语言图卡（PNG）→ 调用 Telegram share URL → 默认带推荐码归因,P1；Telegram Bot 推送为主，Email(SendGrid/SES) + APNs/FCM 兜底
学生端,考试中心(学生端),考试场次列表,查看可参加的正式考试,拉取已购课程绑定的考场 → 按时间倒序展示（Asia/Tashkent）,P0；全局时区 Asia/Tashkent (UTC+5)
学生端,考试中心(学生端),考试须知与范围,查看考试须知、范围、规则,考前 30 分钟开放 → 阅读须知方可进入答题；4 语言版本,P0；界面与推送支持 ru / uz / en / zh-CN 四语言，默认 ru
学生端,考试中心(学生端),在线答题与倒计时,客观题/主观题在线作答，含倒计时,进入答题 → 后端下发题目（防作弊：分批/打乱）→ 客户端展示倒计时 → 切屏次数超阈值警告,P0
学生端,考试中心(学生端),切屏与异常提醒,切屏/失焦记录与提醒,Web 端监听 visibilitychange；超 3 次标记异常并 Telegram 通知教师,P0；Telegram Bot 推送为主，Email(SendGrid/SES) + APNs/FCM 兜底
学生端,考试中心(学生端),到时自动交卷,倒计时归零自动提交答卷,倒计时归零 → 强制锁定输入 → 提交并写入答题留痕,P0
学生端,考试中心(学生端),草稿暂存,答题过程中自动暂存,每 10 秒自动保存草稿 → 网络异常恢复后断点续答,P0
学生端,考试中心(学生端),考试成绩查询,查看得分、排名（若开放）、解析、错题,成绩计算（客观自动+主观人工）→ 排名按总分降序 → 开放由教师配置,P0
学生端,考试中心(学生端),错题回顾,回看错题与正确解析,错题自动汇入个人错题本 → 支持二次练习,P0
学生端,考试中心(学生端),补考申请,未达及格线申请补考,校验补考次数配置 → 申请后生成补考场次 → 由教务审批,P1
学生端,我的证书,证书列表,一级菜单，查看本人所有已获证书,按颁发时间倒序 → 状态：有效/待签发/已作废,P0
学生端,我的证书,证书详情,查看证书完整信息：编号、课程、成绩、签发日期、签发主体,调用证书中心 → 实时拉取 → 含校验码与防伪码,P0
学生端,我的证书,电子版下载,下载 PDF 电子证书,服务端实时渲染（占位变量替换，姓名按用户语言；机构名走乌兹别克注册主体）→ 加水印 → 限制下载次数日 5 次,P0；界面与推送支持 ru / uz / en / zh-CN 四语言，默认 ru
学生端,我的证书,分享证书到 Telegram,一键分享证书到 Telegram,服务端生成 4 语言图卡（PNG，含校验二维码）→ 调用 Telegram t.me/share/url → 公开校验 URL 可在任意浏览器打开,P0；Telegram Bot 推送为主，Email(SendGrid/SES) + APNs/FCM 兜底
学生端,我的证书,校验码查询,通过校验码 + 编号在公开页核验,无登录即可访问 → 显示证书摘要（隐去敏感信息）→ 防爆破限频,P0
学生端,我的证书,电子签章查看,查看证书是否含电子签章及签章机构,签章信息从证书中心拉取 → 展示签章主体与时间戳,P1；电子签章三方待选型（境外 DocuSign 或乌兹别克本地 e-IMZO 待法务确认）
学生端,我的证书,申请补发,证书丢失/字段勘误申请补发,提交申请 → 教务初审 → 总部复审 → 通过后作废原证书并生成新编号,P1
学生端,我的证书,争议申诉,对证书结果有异议发起申诉,提交申诉单 → 进入证书中心审核队列 → 双人复核 → 结果回复 Telegram,P1；Telegram Bot 推送为主，Email(SendGrid/SES) + APNs/FCM 兜底
学生端,本地知识库 AI 问答,学习知识提问,对已购课程/公开知识点提问（4 语言提问/回答）,调用『向量库 + RAG』→ 召回相关切片 → LLM 生成 → 引用来源必显；按用户语言偏好作答,P0；依赖 OpenAI GPT-4o / Anthropic Claude / Google Gemini；向量库 Pinecone/Weaviate/Qdrant/pgvector；界面与推送支持 ru / uz / en / zh-CN 四语言，默认 ru
学生端,本地知识库 AI 问答,多轮对话,保留长会话上下文,会话长度上限 20 轮 → 自动摘要旧轮 → 可手动开启新对话,P0
学生端,本地知识库 AI 问答,学习助手评价,对回答点赞/点踩/纠错反馈,反馈结构化入库 → 进入知识库回流队列 → 由教研复审,P1
学生端,本地知识库 AI 问答,会话历史,查看历史会话与回放,按时间倒序展示 → 支持关键词搜索 → 单条删除/全部清空,P1
学生端,本地知识库 AI 问答,答题模式,AI 引导式刷题问答,选择章节/知识点 → AI 出题 → 学员作答 → AI 评估并讲解（按用户语言）,P1；界面与推送支持 ru / uz / en / zh-CN 四语言，默认 ru
学生端,本地知识库 AI 问答,敏感词与适龄过滤,禁答与适龄保护,命中 4 语言禁答词库 → 返回安全话术 → 触发日志告警,P0；合规
学生端,AI 客服,客服会话入口,针对订单、支付、退课、发票、课表异常等发起会话,入口在『我的-客服』+ 课程详情/订单详情快捷入口；对接 Intercom 或 Freshdesk,P0
学生端,AI 客服,机器应答,AI 机器人优先应答常见问题（4 语言）,命中 FAQ → 直接回复 → 未命中走多轮话术树 → 仍不解决走转人工；LLM 走 OpenAI/Claude/Gemini,P0；界面与推送支持 ru / uz / en / zh-CN 四语言，默认 ru
学生端,AI 客服,转人工,关键词或用户主动触发转人工,关键词：投诉/退款/紧急；排队 → 分店客服认领 → 工作日响应 SLA ≤ 10 分钟（Asia/Tashkent 工作时段）,P0；全局时区 Asia/Tashkent (UTC+5)
学生端,AI 客服,会话历史与满意度,查看历史客服记录并打分,会话结束推送评分 → 1-5 星 + 标签 → 写入质检池,P0
学生端,AI 客服,工单转化,复杂问题转工单跟进,客服一键转工单 → 派工教务/财务 → 处理状态回写并 Telegram 通知学员,P1；Telegram Bot 推送为主，Email(SendGrid/SES) + APNs/FCM 兜底
学生端,营销参与,优惠券领取,在活动页/课程页领券（金额 UZS）,校验领取资格（新人/老学员/分销专属）→ 写入个人券包 → 一人一券限频,P0
学生端,营销参与,优惠券使用,下单时自动匹配可用券（UZS 计算）,结算时按金额/适用范围/有效期匹配 → 推荐最优券 → 支持手动切换,P0
学生端,营销参与,拼团参与,发起或参与拼团,选择拼团 SKU → 通过 Payme/Click 预授权或直扣 → 满团成单 → 到期未满团自动退款,P0；依赖支付与退款
学生端,营销参与,拼团进度,查看拼团进度与剩余时间,实时拉取拼团状态 → Telegram 通知差几人/剩余时长,P0；Telegram Bot 推送为主，Email(SendGrid/SES) + APNs/FCM 兜底
学生端,营销参与,转介绍绑定,通过推荐码/分享链接首单绑定推荐关系,首次访问写入 cookie/uid 关联 → 注册或首单时落库 → 永久不可覆盖,P0；Email + Telegram chat_id + Device ID(IDFA/AAID) 多因子绑定；绑定关系永久保留，仅总部审核可解绑
学生端,营销参与,分销邀请落地页,通过员工/教务分销短链进入活动页,解析短链参数（Branch.io / Firebase Dynamic Links / AppsFlyer OneLink）→ 记录点击/首访归因 → 30 天归因窗口,P0；与永久绑定规则联动
学生端,营销参与,分销专属价/券展示,落地页根据分销活动展示专属价或自动领券,校验分销活动状态 → 自动领券或显示专属价 → 与平台券互斥规则可配置,P0
学生端,营销参与,活动中心,聚合查看进行中/即将开始/已结束的活动,活动模板由总后台下发 → 学员端按状态过滤展示,P1
学生端,营销参与,分享课程到 Telegram,课程详情页『分享』按钮,生成带个人推荐码的 Telegram 短链 → 调用 t.me/share/url → 兜底走系统 Share Sheet 复制链接,P0；Telegram Bot 推送为主，Email(SendGrid/SES) + APNs/FCM 兜底
学生端,分销推广(学员侧),分销资格申请,学员可申请成为分销员（受总部开关控制）,提交申请 → 教务初审 → 总部审批 → 通过后开通分销工作台,P1；与教师分销复用准入流程
学生端,分销推广(学员侧),我的推广物料,生成专属海报 / 二维码 / Telegram 短链,短链含 uid 与活动 ID → 生成时记录归因 → 海报含证书机构信息（4 语言版本）,P1；界面与推送支持 ru / uz / en / zh-CN 四语言，默认 ru
学生端,分销推广(学员侧),我的分销业绩,查看推广带来的线索、成单（UZS）、佣金（UZS）,数据按 T+1 同步 → 状态：待确认/已确认/已支付 → 退款冲减自动回写,P1
学生端,分销推广(学员侧),分销邀请分享到 Telegram,一键把分销邀请发送到 Telegram 群/好友,调用 Telegram share URL → 自带 deep link → 携带 uid 归因参数,P1；Telegram Bot 推送为主，Email(SendGrid/SES) + APNs/FCM 兜底
学生端,作业与练习,作业接收,接收教师布置的作业,课表与作业绑定 → 推送 Telegram 提醒 → 截止时间倒计时（Asia/Tashkent）,P0；Telegram Bot 推送为主，Email(SendGrid/SES) + APNs/FCM 兜底；全局时区 Asia/Tashkent (UTC+5)
学生端,作业与练习,作业提交,文本/图片/视频/语音多形态提交,"上传大小限制 100MB → 自动 OCR/转写（Whisper, ru/uz/en/zh）写入答案字段",P0；依赖 Whisper
学生端,作业与练习,AI 预批改,客观题自动判定+主观题 AI 初评,AI 给出参考分与建议 → 教师再终评 → 学员可看 AI 评语（按用户语言）,P1；OpenAI/Claude/Gemini；界面与推送支持 ru / uz / en / zh-CN 四语言，默认 ru
学生端,作业与练习,错题本,未答对题目自动归集错题本,支持按知识点/课程筛选 → 错题二次练习 → 掌握后自动归档,P0
学生端,作业与练习,作业回看,查看历史作业、教师批语,按时间倒序 → 含批语、得分、改进建议,P0
学生端,学习趋势与预警,个人进退步趋势,周/月对比的进退步曲线,维度：成绩/出勤/作业完成率/观看时长/知识点掌握度；对比周期：本周 vs 上周 / 本月 vs 上月；阈值：下降 ≥10% 触发预警；可视化：折线 + 雷达图,P0；预警 Telegram Bot 推送为主，Email(SendGrid/SES) + APNs/FCM 兜底
学生端,学习趋势与预警,知识点雷达,各知识点掌握度雷达图,由作业/考试/AI 问答数据聚合 → 0-100 评分 → 提示薄弱点,P0
学生端,学习趋势与预警,学习建议,结合趋势给出 AI 学习建议,退步触发：推荐补救课程/练习；进步触发：推荐进阶内容（4 语言生成）,P1；界面与推送支持 ru / uz / en / zh-CN 四语言，默认 ru
学生端,学习趋势与预警,预警接收,学员端接收个人预警,下降预警自动推送 → 含改进建议链接,P0；Telegram Bot 推送为主，Email(SendGrid/SES) + APNs/FCM 兜底
学生端,订单与支付,下单流程,选课-填资料-选券-选支付方式（Payme/Click/Uzum/Humo/Uzcard/Apelsin）,校验库存/课表冲突/优惠券适用 → 生成订单（金额 UZS）→ 30 分钟未支付自动取消,P0；对接 Payme / Click（P0）+ Uzum / Humo / Uzcard（P1）+ Apelsin（P2），结算币种 UZS
学生端,订单与支付,拼团下单,发起或参与拼团单,拼团参数附在订单上 → 通过支付通道预冻结 → 成团扣款，未成团原路退款,P0
学生端,订单与支付,Payme 支付,Payme（payme.uz）支付下单,调用 Payme Merchant API（CheckPerformTransaction / CreateTransaction / PerformTransaction / CheckTransaction / CancelTransaction）→ 异步回调更新订单状态 → 回调签名校验,P0；Payme 商户接入
学生端,订单与支付,Click 支付,Click（click.uz）支付下单,调用 Click Merchant API（Prepare / Complete）→ 异步回调更新订单状态 → 签名校验 → 处理 click_trans_id 幂等,P0；Click 商户接入
学生端,订单与支付,Uzum / Humo / Uzcard / Apelsin 支付,扩展支付通道路由,支付路由层按通道开关与金额限制选通道 → 失败自动建议另一通道,P1；多通道路由
学生端,订单与支付,订单详情,查看订单与支付状态,订单状态机：待支付/已支付/已发货/已退款/已取消/部分退款；时间显示 Asia/Tashkent,P0；全局时区 Asia/Tashkent (UTC+5)
学生端,订单与支付,发票申请,下单后申请乌兹别克 QQS 增值税电子发票,提交开票主体（个人/企业）→ 校验税号（如适用）→ 后台生成符合乌兹别克税务格式的 PDF 收据 → Email 发送,P1；按乌兹别克 QQS 12% 增值税口径生成（具体税率以法务确认为准）
学生端,订单与支付,退款申请,课程未消耗或符合条件申请退款,校验退款政策 → 教务审批 → 财务复核 → 通过 Payme/Click 原路退回 → 分销佣金同步冲减,P0
学生端,订单与支付,App Store IAP 并行策略,iOS 端按 Apple 政策评估数字内容是否走 IAP,若 Apple 判定属数字内容需走 IAP（30%/15% 抽成）→ iOS 走 IAP，Android/Web 走 Payme/Click → 价格与对账分别处理,P0；合规风险，需求方与法务确认
学生端,个人中心(学生端),个人资料,维护头像/昵称/Email/Telegram chat_id/语言偏好,修改 Email 需新旧邮箱双向校验；语言切换实时生效,P0；界面与推送支持 ru / uz / en / zh-CN 四语言，默认 ru
学生端,个人中心(学生端),绑定关系查看,查看归属分店/教师/分销员,只读展示绑定生效时间与绑定来源；如需变更需走总部申诉,P0；Email + Telegram chat_id + Device ID(IDFA/AAID) 多因子绑定；绑定关系永久保留，仅总部审核可解绑
学生端,个人中心(学生端),地址管理,管理收货地址（教材寄送，乌兹别克州/市/区三级）,默认地址 + 多地址；最多 10 条；省级用乌兹别克 12 个州 + 1 个自治共和国 + 塔什干市,P1
学生端,个人中心(学生端),消息中心,查看 Telegram/站内信/Email 历史,按消息类型筛选（系统/营销/学习/订单）,P0
学生端,个人中心(学生端),意见反馈,提交产品建议或 Bug 反馈,图片+文字提交 → 进入产品工单池 → 处理结果回复 Telegram,P1；Telegram Bot 推送为主，Email(SendGrid/SES) + APNs/FCM 兜底
学生端,个人中心(学生端),数据导出与删除（GDPR/ZRU-547）,学员行使数据可携权与被遗忘权,提交申请 → 7 个工作日内响应 → 留必要交易凭证 → 导出 JSON+PDF 一键下载,P0；合规
家长端,账户与绑定,家长注册登录,支持 Email + 密码（与学生端同一账户体系）,走 SendGrid/SES 邮箱验证；不开放 SMS/社交登录,P0
家长端,账户与绑定,学员绑定,绑定一个或多个学员,学员发起 → 家长 Email 收到授权链接（若家长已绑 TG，并行 Telegram 通知）→ 同意后写入授权范围,P0；Telegram Bot 推送为主，Email(SendGrid/SES) + APNs/FCM 兜底
家长端,账户与绑定,授权范围管理,管理可查看的学情/证书/消费权限,学员可随时调整授权范围 → 家长端实时生效,P0
家长端,账户与绑定,永久绑定关系查看,查看家长账号归属分店/教师/分销员（继承自学员）,只读 → 仅展示当前生效绑定 → 解绑走总部申诉,P1；Email + Telegram chat_id + Device ID(IDFA/AAID) 多因子绑定；绑定关系永久保留，仅总部审核可解绑
家长端,账户与绑定,COPPA Verifiable Consent 记录,K12 未成年学员家长 Consent 留痕,记录家长 Email、IP、时间戳、用途清单、签名链接 → 不可删除，仅可查看,P0；合规（COPPA）
家长端,学情透明,学员学习报告查看,查看周/月度报告（4 语言）,实时拉取学员端学习报告 → 受授权范围限制 → 按家长语言偏好渲染,P0；界面与推送支持 ru / uz / en / zh-CN 四语言，默认 ru
家长端,学情透明,课表与出勤,查看绑定学员的课表与出勤记录,支持订阅 .ics 到本地日历，时间统一 Asia/Tashkent,P0；全局时区 Asia/Tashkent (UTC+5)
家长端,学情透明,进度查看,查看进度与章节完成情况,进度计算口径与学员端一致,P0
家长端,学情透明,作业完成情况,查看绑定学员的作业提交与得分,未提交超时自动 Telegram 提醒家长,P0；Telegram Bot 推送为主，Email(SendGrid/SES) + APNs/FCM 兜底
家长端,学员证书查看,证书列表(只读),查看绑定学员已获证书,调用证书中心接口 → 仅展示有效证书,P0
家长端,学员证书查看,电子版下载,下载学员证书 PDF,限制每日下载次数 → 水印含家长 Email 哈希,P0
家长端,学员证书查看,分享到 Telegram,把学员证书分享到 Telegram,复用学员端分享逻辑（4 语言图卡 + 校验二维码）,P1；Telegram Bot 推送为主，Email(SendGrid/SES) + APNs/FCM 兜底
家长端,进退步趋势查看,学员进退步曲线,查看学员近 4 周/3 月趋势,维度与口径与总后台统一 → 退步标签醒目展示,P0
家长端,进退步趋势查看,家长端预警接收,进退步触发预警时家长可接收,退步 ≥10% 自动推送 → 含改进建议与教师联系入口,P0；Telegram Bot 推送为主，Email(SendGrid/SES) + APNs/FCM 兜底
家长端,消息触达,Telegram 触达开关,家长可开关续费/上课/报告类推送,按通道+消息类型矩阵配置 → Email/APNs/FCM 仅在 Telegram 失败时兜底,P0；Telegram Bot 推送为主，Email(SendGrid/SES) + APNs/FCM 兜底
家长端,消息触达,Email 兜底接收,对 Telegram 推送失败的消息接收 Email,失败重试 3 次 → 仍失败下发 Email（SendGrid/SES）→ 写入失败日志,P0
家长端,续费与支付,家长代续费,家长为绑定学员代付续费订单（UZS）,选课 → 选学员 → 支付（Payme/Click/Uzum）→ 课程归属学员账户,P0；对接 Payme / Click（P0）+ Uzum / Humo / Uzcard（P1）+ Apelsin（P2），结算币种 UZS
家长端,续费与支付,支付凭证,查看历史支付记录与发票,与学生端订单中心打通；发票按乌兹别克 QQS 12% 口径,P1；按乌兹别克 QQS 12% 增值税口径生成（具体税率以法务确认为准）
教师端,账户与入职,教师注册/入职申请,教师提交入职申请并由分店审批,提交资料（身份/学历/证书）→ 分店初审 → 总部复审 → 通过开通教师工作台,P0
教师端,账户与入职,分店绑定,教师与分店绑定,支持主分店+多个兼职分店 → 绑定关系永久保留,P0；Email + Telegram chat_id + Device ID(IDFA/AAID) 多因子绑定；绑定关系永久保留，仅总部审核可解绑
教师端,账户与入职,课酬协议,电子签订课酬协议,电子签章三方待选型：境外 DocuSign / HelloSign 或乌兹别克本地 e-IMZO（待法务确认）→ 协议存档可追溯,P1；电子签章选型待确认
教师端,账户与入职,权限与角色,区分主讲/助教/教研角色,由分店店长或教务分配 → 权限对应不同工作台模块,P0
教师端,账户与入职,Telegram chat_id 绑定,教师绑定 Telegram 接收教务/排课/审批推送,复用学员侧 /verify 流程 → 绑定后所有教务推送走 TG,P0；Telegram Bot 推送为主，Email(SendGrid/SES) + APNs/FCM 兜底
教师端,我的课程与课表,我的课程列表,查看负责的全部课程/班级,按状态分组：进行中/未开课/已结课,P0
教师端,我的课程与课表,我的课表,周/月视图课表（Asia/Tashkent）,支持订阅 .ics；上课前 30 分钟 Telegram 推送提醒,P0；Telegram Bot 推送为主，Email(SendGrid/SES) + APNs/FCM 兜底；全局时区 Asia/Tashkent (UTC+5)
教师端,我的课程与课表,调课与请假,发起调课/请假申请,提交申请 → 教务审批 → 通过后自动通知学员/家长（4 语言模板）,P0；Telegram Bot 推送为主，Email(SendGrid/SES) + APNs/FCM 兜底；界面与推送支持 ru / uz / en / zh-CN 四语言，默认 ru
教师端,我的课程与课表,补课安排,为请假学员安排补课,选择补课时间/班级/学员 → 写入排课系统 → 通知相关方,P1；Telegram Bot 推送为主，Email(SendGrid/SES) + APNs/FCM 兜底
教师端,直播课堂,直播间开课,进入分配的直播间,上课前 15 分钟开放进入 → 教师权限可踢人/禁言,P0
教师端,直播课堂,白板与互动,白板/答题/投票/举手控制,互动数据实时回写课堂数据 → 课后回看,P0
教师端,直播课堂,出勤与点名,对学员进行点名与出勤标记,支持自动出勤（进入 5 分钟）+ 手动调整 → 写入出勤台账,P0
教师端,直播课堂,课堂回放,课后查看直播回放与学员观看明细,聚合学员观看数据 → 用于学情分析,P0
教师端,直播课堂,多语字幕生成,回放自动生成 ru/uz/en/zh 字幕,Whisper / AWS Transcribe 转写 → DeepL/Google Translate 翻译到其它 3 语 → 字幕 VTT 存 S3,P1；界面与推送支持 ru / uz / en / zh-CN 四语言，默认 ru
教师端,作业批改,作业布置,对班级布置作业,选择题目/截止时间/形式 → 推送 Telegram 给学员/家长（按收件人语言偏好选模板）,P0；Telegram Bot 推送为主，Email(SendGrid/SES) + APNs/FCM 兜底；界面与推送支持 ru / uz / en / zh-CN 四语言，默认 ru
教师端,作业批改,AI 预批改协同,查看 AI 预批改结果并修改,AI 给参考分 → 教师调整 → 最终成绩入库,P1；OpenAI/Claude/Gemini
教师端,作业批改,批量批改,针对客观题批量批改,导入答题卡 → 自动判定 → 异常人工干预,P0
教师端,作业批改,批语模板,常用批语模板复用（4 语言）,创建/编辑/删除模板 → 一键插入 → 模板按语言分组,P1；界面与推送支持 ru / uz / en / zh-CN 四语言，默认 ru
教师端,学情管理,学员档案查看,查看负责班级的学员档案,含基础信息、绑定关系、学习历史、进退步趋势,P0
教师端,学情管理,个性化学习建议,为学员添加个性化学习建议,教师手动填写 → Telegram 推送家长（按家长语言渲染）,P1；Telegram Bot 推送为主，Email(SendGrid/SES) + APNs/FCM 兜底；界面与推送支持 ru / uz / en / zh-CN 四语言，默认 ru
教师端,学情管理,进退步趋势查看,查看班级整体与个人趋势,支持按周期/维度切换 → 退步标签醒目,P0
教师端,学情管理,预警处理,处理学员进退步预警,认领预警 → 制定改进措施 → 跟进结果回写,P0；Telegram Bot 推送为主，Email(SendGrid/SES) + APNs/FCM 兜底
教师端,证书与考务,达标学员发证提名,对满足结业/考试合格学员发起提名,校验发证规则 → 提交『待签发』队列 → 含学员名单/课程/成绩字段,P0
教师端,证书与考务,证书信息校对,核对证书姓名/课程/成绩等字段（4 语言姓名）,支持批量编辑 → 信息错误打回学员补全；俄语/乌语姓名转写规范化（如 Aliyev / Алиев）,P0；界面与推送支持 ru / uz / en / zh-CN 四语言，默认 ru
教师端,证书与考务,批量签发执行,教务审批后教师一键确认生成证书,校验编号唯一性 → 调用证书生成服务 → Telegram 通知学员,P0；Telegram Bot 推送为主，Email(SendGrid/SES) + APNs/FCM 兜底
教师端,证书与考务,待补发处理,处理学员补发申请,审核理由 → 上报总部 → 通过后生成新编号、原编号作废,P1
教师端,证书与考务,考试场次维护,维护教师负责的考试场次,新建/编辑/取消场次 → 与考试中心同步,P0
教师端,证书与考务,阅卷任务,认领并完成主观题阅卷,教研按规则分配阅卷 → 教师在线打分 + 批注 → 提交后写入成绩,P0
教师端,证书与考务,监考异常处理,处理监考异常日志,查看异常记录 → 强制收卷/给予警告 → 留痕审计,P0
教师端,分销(教师侧),分销准入与协议,教师申请分销资格并签订电子协议,提交申请 → 分店初审 → 总部审批 → 电子协议存档,P1
教师端,分销(教师侧),分销物料获取,生成 Telegram 短链/二维码/海报,海报含教师专属推荐码 → 推广路径全程可追溯,P1；Telegram Bot 推送为主，Email(SendGrid/SES) + APNs/FCM 兜底
教师端,分销(教师侧),我的分销业绩,查看带来的线索/成单/预估佣金/结算状态（UZS）,按 T+1 同步 → 退款联动冲减,P1
教师端,分销(教师侧),永久绑定关系,教师拉新学员与教师永久绑定,学员/家长归属教师 → 后续自购/续费仍归属此教师,P0；Email + Telegram chat_id + Device ID(IDFA/AAID) 多因子绑定；绑定关系永久保留，仅总部审核可解绑
教师端,分销(教师侧),Payme/Click 提现,教师分销佣金通过 Payme / Click 商户提现,对接 Payme/Click Payout API → 校验银行卡 / 卡组织（Humo/Uzcard）→ 单笔与日累计限额 → T+N 结算,P1；本地通道提现
教师端,AI 教学助手(教师视角),AI 备课助手,基于知识库生成备课大纲与题库（4 语言）,选择课程章节 → 调用 RAG → 输出大纲/讲义/题目 → 教师二次加工,P1；OpenAI/Claude/Gemini；界面与推送支持 ru / uz / en / zh-CN 四语言，默认 ru
教师端,AI 教学助手(教师视角),AI 学情诊断,AI 给班级薄弱点诊断,综合考试/作业/AI 问答数据 → 输出薄弱知识点 + 推荐补救资源,P1
教师端,教师业绩与奖惩,我的 KPI,查看本人 KPI：新生数/续费率/转化率等,总后台下发 → 实时进度展示 → 距离达成差距标示,P0
教师端,教师业绩与奖惩,奖惩记录,查看奖惩历史与原因（金额 UZS）,奖金/排名/曝光/扣减/降级/预警等记录可追溯,P0
教师端,教师业绩与奖惩,申诉入口,对奖惩结果申诉,提交申诉 → 店长初审 → 总部复核 → 结果回写,P1
分店教务端,学员档案管理,新增学员档案,录入新学员基础信息,校验 Email 唯一 → 默认绑定到当前分店和接待教师 → 永久绑定写入,P0；Email + Telegram chat_id + Device ID(IDFA/AAID) 多因子绑定；绑定关系永久保留，仅总部审核可解绑
分店教务端,学员档案管理,学员档案查询,按 Email/姓名/课程检索学员,支持模糊匹配与组合筛选 → 跨分店查询需总部授权,P0
分店教务端,学员档案管理,学员转分店申请,学员申请转分店,提交申请 → 原分店店长会签 → 总部审核 → 通过后变更绑定（永久关系审计留痕）,P1；Email + Telegram chat_id + Device ID(IDFA/AAID) 多因子绑定；绑定关系永久保留，仅总部审核可解绑
分店教务端,学员档案管理,绑定关系变更审计,查看学员绑定变更历史,变更人/时间/原因/审批链 → 不可删除,P0
分店教务端,排课与课表管理,班级管理,创建/编辑/解散班级,班级要素：课程/教师/教室或直播间/学员名单/起止时间,P0
分店教务端,排课与课表管理,排课计划,生成班级排课计划（Asia/Tashkent）,支持按周/按月批量排课 → 冲突自动检测,P0；全局时区 Asia/Tashkent (UTC+5)
分店教务端,排课与课表管理,教室/直播间分配,为线下班分配教室、线上班分配直播间,教室预订冲突告警 → 直播间根据并发上限分配（Agora/100ms/LiveKit）,P0
分店教务端,排课与课表管理,调课审批,审批教师调课/请假申请,支持二级审批：教务初审 → 店长终审 → 通过后通知相关方,P0；Telegram Bot 推送为主，Email(SendGrid/SES) + APNs/FCM 兜底
分店教务端,排课与课表管理,课表分发,课表同步给学员/家长/教师,更新后自动 Telegram 推送变更摘要（按收件人语言）,P0；Telegram Bot 推送为主，Email(SendGrid/SES) + APNs/FCM 兜底；界面与推送支持 ru / uz / en / zh-CN 四语言，默认 ru
分店教务端,招生与试听,线索管理,录入/分配/跟进招生线索,线索来源标记（自然到访/广告/分销/转介绍）→ 默认归属第一接待教师,P0；Email + Telegram chat_id + Device ID(IDFA/AAID) 多因子绑定；绑定关系永久保留，仅总部审核可解绑
分店教务端,招生与试听,试听排课,为意向客户安排试听课,选择课程/教师/时间 → 通知客户 → 试听后转化回写,P0
分店教务端,招生与试听,试听转化漏斗,查看试听到成交的转化数据,漏斗：线索-意向-试听-报名-成交 → 每环节转化率展示,P0
分店教务端,订单与售后,订单查询,查询本分店订单与状态（金额 UZS）,按状态/时间/课程筛选 → 异常订单红色高亮,P0
分店教务端,订单与售后,退款审批,审批学员退款申请,校验退款政策 → 教务初审 → 财务复核 → 触发 Payme/Click 原路退款 + 分销佣金冲减,P0
分店教务端,订单与售后,补开发票,为历史订单补开发票（QQS 12%）,按乌兹别克税务格式生成 PDF → Email 推送下载链接,P1；按乌兹别克 QQS 12% 增值税口径生成（具体税率以法务确认为准）
分店教务端,订单与售后,订单异常处理,处理重复支付/卡单/超时未发货等异常,工单驱动 → 流水核对（Payme/Click 对账）→ 财务复核 → 留痕审计,P0
分店教务端,证书初审与发放,待发证审核,审核教师提交的发证提名,查看提名详情 → 通过/驳回（含原因）→ 通过后流转至总部签发,P0
分店教务端,证书初审与发放,证书发放记录,查询本分店签发证书记录,按学员/课程/时间筛选 → 含编号、签发人、签发时间,P0
分店教务端,证书初审与发放,证书争议处理,处理学员的证书申诉,认领申诉 → 初审 → 上报总部双人复核 → 结果回写,P1
分店教务端,续费与催费,续费名单,查看即将到期/已到期未续费名单,30/7/1 天分级展示 → 一键发起催费任务,P0
分店教务端,续费与催费,催费任务,向教师/分销员派发催费任务,支持 Telegram 模板群发（4 语言）→ 任务完成回写,P0；Telegram Bot 推送为主，Email(SendGrid/SES) + APNs/FCM 兜底；界面与推送支持 ru / uz / en / zh-CN 四语言，默认 ru
分店教务端,续费与催费,续费看板,本分店续费率与同比环比（金额 UZS）,支持按教师/课程/班级钻取,P0
分店教务端,考试组织,分店考场维护,维护线下考场及监考人员,教室容量/设备/监考分配 → 与考试中心同步,P0
分店教务端,考试组织,名单准入,维护参考学员名单,校验出勤/作业满足度 → 不符合者由教师特批,P0
分店教务端,考试组织,成绩核对,核对本分店学员成绩,异常成绩二次复核 → 报总部备案,P0
分店教务端,客服与投诉,AI 客服转人工接入,接收 AI 客服转人工的会话,排队队列 → 客服认领 → SLA 计时 → 满意度回收；语言分流 ru/uz,P0；界面与推送支持 ru / uz / en / zh-CN 四语言，默认 ru
分店教务端,客服与投诉,投诉工单处理,处理学员/家长投诉,工单分级：紧急/重要/普通 → 处理时限可配置 → 超时 Telegram 督办,P0；Telegram Bot 推送为主，Email(SendGrid/SES) + APNs/FCM 兜底
分店教务端,分销员管理(分店),分店分销员名单,查看本分店分销员,含教师分销员与学员分销员 → 业绩排名,P1
分店教务端,分销员管理(分店),分销员业绩核对,核对分销线索归因与业绩,支持申诉与举证 → 进入反作弊队列,P1
分店教务端,本店报表,分店日报,每日运营摘要,每日 08:00 (Asia/Tashkent) 自动生成并 Telegram 推送店长/区域经理,P0；Telegram Bot 推送为主，Email(SendGrid/SES) + APNs/FCM 兜底；全局时区 Asia/Tashkent (UTC+5)
分店教务端,本店报表,分店周报/月报,运营周/月报,招生/成交（UZS）/续费/学情/客服满意度多维度,P0
店长端,分店运营驾驶舱,运营总览,本店关键指标卡片（金额 UZS）,新生数/成交额/续费率/试听转化率/客服满意度/教师达成率,P0
店长端,分店运营驾驶舱,趋势对比,本店指标同环比,支持按日/周/月/季度对比（Asia/Tashkent）→ 异常标红,P0；全局时区 Asia/Tashkent (UTC+5)
店长端,招生计划与目标进度,OKR 进度看板,查看总部下达的 OKR 进度,目标 vs 实绩 → 进度条 + 序时进度差异提示,P0
店长端,招生计划与目标进度,目标分解到教师,店长把分店目标二次分解到教师,导入教师 → 设置个人目标 → 自动汇总 → 调整需总部备案,P0
店长端,招生计划与目标进度,低于序时进度告警,低于序时进度自动督办,阈值可配（默认 -10%）→ 触发 Telegram 通知店长/区域经理,P0；Telegram Bot 推送为主，Email(SendGrid/SES) + APNs/FCM 兜底
店长端,教师业绩与排名,教师业绩排行,本店教师业绩排名,维度可切换：新生数/续费率/转化率/学员满意度,P0
店长端,教师业绩与排名,教师业绩明细,下钻查看单个教师明细,含拉新/成交/续费/学员评分,P0
店长端,续费看板(店长),续费率与到期名单,本店续费看板,30/7/1 天到期名单一键导出 → 督办状态实时同步,P0
店长端,督办任务管理,待办任务列表,查看分配给本店的督办任务,支持按紧急程度/到期时间排序,P0
店长端,督办任务管理,任务认领与回执,认领/处理/回执任务,处理结果 + 凭证截图回写 → 总部复核,P0；Telegram Bot 推送为主，Email(SendGrid/SES) + APNs/FCM 兜底
店长端,财务概览(本店),本店应收/已收,本店财务概览（UZS）,应收/已收/退款/可分销结算 → 支持导出 Excel,P0
店长端,团队与奖惩,人员管理,维护本店教师与教务,新增/转岗/离职 → 与总后台同步,P0
店长端,团队与奖惩,奖惩执行查看,查看团队奖惩执行情况（UZS）,奖金发放/扣减/排名变化,P0
店长端,团队与奖惩,申诉复核,复核教师/分销员奖惩申诉,店长初审 → 总部终审,P1
总后台,组织架构与分店管理,集团组织树,维护集团-区域-分店组织树,支持多层级 → 与角色/权限联动,P0
总后台,组织架构与分店管理,分店档案,新增/编辑/停用分店（含乌兹别克州/市信息）,含分店基础信息、合规资质、负责人；地区下拉：12 个州 + 卡拉卡尔帕克斯坦 + 塔什干市,P0
总后台,组织架构与分店管理,区域经理设置,为区域指派区域经理,区域经理权限范围限定所辖分店,P0
总后台,招生计划与目标下达,年度/季度计划,设置集团整体新生、试听、转化、营收目标（UZS）,支持目标版本管理与历史回溯,P0
总后台,招生计划与目标下达,分店目标下达,为每分店设置新生数/成交额/试听转化率/续费率/分销 ROI,按 OKR/KPI 模板批量下发 → 支持单店个性化,P0
总后台,招生计划与目标下达,目标分解口径,定义统计口径,线索归属店、跨店成交分摊比例、分销单是否计入、退款冲减口径，等等,P0；强需求
总后台,招生计划与目标下达,达成预警与督办,进度低于序时自动督办,默认阈值 -10% → Telegram 通知店长/区域经理 → 督办任务自动生成,P0；Telegram Bot 推送为主，Email(SendGrid/SES) + APNs/FCM 兜底
总后台,招生计划与目标下达,目标版本对比,支持目标修订与版本对比,调整需总部审核 → 全程留痕,P1
总后台,奖惩机制配置,目标设置,为分店/店长/教师/分销员设置目标,覆盖新生数/成交额/转化率/续费率/分销 ROI 等,P0
总后台,奖惩机制配置,进度统计口径,定义奖惩进度的统计口径,与招生目标口径一致 → 数据源同源,P0
总后台,奖惩机制配置,达标判定规则,达标/超额/未达档位规则,支持档位：未达 / 达成 / 超额 ≥110% / 超额 ≥130% 等可配置,P0
总后台,奖惩机制配置,奖励发放规则,奖励规则配置：奖金（UZS）/排名/曝光,支持定额/比例/阶梯/封顶 → 与财务结算联动,P0
总后台,奖惩机制配置,惩罚动作规则,惩罚规则：扣减/降级/预警,可配置扣减比例与降级路径 → 触发后人工复核可豁免,P0
总后台,奖惩机制配置,自动结算,周期到达自动计算奖惩并预生成结算单,支持周/月/季/年（Asia/Tashkent）；预生成后由总部复核生效,P0；全局时区 Asia/Tashkent (UTC+5)
总后台,奖惩机制配置,申诉与复核,受罚方申诉与双人复核,受罚人提申诉 → 店长初审 → 总部双人复核 → 结果回写,P0
总后台,奖惩机制配置,奖惩历史档案,查看任意对象的奖惩历史,支持导出审计报表,P1
总后台,课程内容管理,课程创建,创建课程主数据（4 语言名称/简介）,课程要素：名称(4 语言)/分类/简介/讲师/试听片段/价格策略(UZS)/有效期,P0；界面与推送支持 ru / uz / en / zh-CN 四语言，默认 ru
总后台,课程内容管理,章节管理,章节树管理与排序,支持多级章节 → 拖拽排序,P0
总后台,课程内容管理,视频上传与转码,上传视频并自动转码多清晰度,AWS S3 直传 → MediaConvert 转码 360p/480p/720p/1080p → CloudFront 分发 → 备选 Mux / Bunny CDN（CIS 地区表现好）,P0；AWS
总后台,课程内容管理,资料附件管理,上传课件/PPT/讲义/题包（多语言版本）,支持版本管理与上下架；同一资料可上传 ru/uz/en/zh 多版本,P0；界面与推送支持 ru / uz / en / zh-CN 四语言，默认 ru
总后台,课程内容管理,课程价格策略,原价/会员价/分销价/拼团价/优惠区间（UZS）,支持区域/渠道差异化定价 → 与营销中心联动,P0
总后台,课程内容管理,课程上下架,课程上架/下架/置灰,下架后已购学员仍可学，但新人不可见,P0
总后台,课程内容管理,试听片段配置,为课程配置试听片段（5-15 分钟）,支持自定义切片 → 上线前预览,P0
总后台,课程内容管理,字幕自动生成,录播/回放自动生成 4 语言字幕,AWS Transcribe / OpenAI Whisper 转写源语 → DeepL/Google 翻译到其它 3 语 → 字幕 VTT 文件存 S3 → 课程详情可挂载,P1；界面与推送支持 ru / uz / en / zh-CN 四语言，默认 ru
总后台,考试中心(总后台),题库录入,维护题库（4 语言题目）,支持批量导入 Excel → 自动校验唯一性；题干/选项/解析支持 4 语言版本,P0；界面与推送支持 ru / uz / en / zh-CN 四语言，默认 ru
总后台,考试中心(总后台),知识点标签,维护知识点标签树,标签可挂题 → 用于雷达图与学情分析,P0
总后台,考试中心(总后台),组卷策略,固定卷/随机卷/按知识点组卷,随机卷可设题量、难度配比、防雷同,P0
总后台,考试中心(总后台),考场创建,创建考场（线上/线下；Asia/Tashkent）,时长/开放窗口/参考名单/阅卷人/监考人,P0；全局时区 Asia/Tashkent (UTC+5)
总后台,考试中心(总后台),考试发布,审核并发布考场,发布后变更需总部审批 → 二次发布留痕,P0
总后台,考试中心(总后台),监考与异常日志,查看监考异常并处理,异常等级：警告/可疑/重大 → 重大异常强制收卷 → 留痕,P0
总后台,考试中心(总后台),阅卷分配,分配阅卷人与策略,支持双评/三评/仲裁 → 误差超阈值自动仲裁,P0
总后台,考试中心(总后台),补考策略,补考次数、补考证书等级映射,未及格学员校验补考额度 → 教务审批后开放,P0
总后台,证书中心-模板与规则,证书模板管理,维护结业/考试合格等证书模板（4 语言）,占位变量：姓名（4 语言转写规范）、课程、分数、日期、编号、签章；支持图片预览,P0；界面与推送支持 ru / uz / en / zh-CN 四语言，默认 ru
总后台,证书中心-模板与规则,发证规则引擎,配置自动/半自动发证条件,条件维度：完成度/出勤率/考试分数/补考次数；支持组合表达式,P0
总后台,证书中心-模板与规则,考试与证书绑定,考试场次→证书等级映射,及格档/良好档/优秀档 → 不同证书等级,P0
总后台,证书中心-模板与规则,补考证书策略,补考通过证书是否标注,配置是否在证书显示『补考通过』字样,P1
总后台,证书中心-编号与审计,证书编号规则,全局唯一证书编号规则,规则：机构码(UZ) + 年份 + 流水 + 校验码（Luhn 或自定义算法）,P0
总后台,证书中心-编号与审计,防伪校验码,为每张证书生成校验码,公开校验页通过编号+校验码可验真（4 语言展示）,P0；界面与推送支持 ru / uz / en / zh-CN 四语言，默认 ru
总后台,证书中心-编号与审计,签发与作废审计,记录签发人/时间/原因/导出,可导出审计报表 → 作废需双人复核可配置,P0
总后台,证书中心-编号与审计,待发证审核队列,审核教师/教务发起的发证提名,支持批量通过/驳回 → 驳回需填写原因,P0
总后台,证书中心-编号与审计,作废与重发,作废原证书并生成新编号,记录作废原因 → 原编号永久保留可查,P0
总后台,本地知识库(AI 学习助手),课程向量库管理,按课程/章节上传文档,支持 PDF/Word/Markdown → 切片策略（固定/语义）→ 嵌入模型版本管理（OpenAI text-embedding-3 / Cohere）,P0；依赖向量库 Pinecone/Weaviate/Qdrant/pgvector
总后台,本地知识库(AI 学习助手),索引重建,支持手动/定时重建索引,重建期间走旧索引兜底 → 完成后切换,P0
总后台,本地知识库(AI 学习助手),检索权限边界,定义学员可见片段与教师可扩展,权限：免费可见 / 已购可见 / 教师可见 / 内部可见；越权拦截,P0
总后台,本地知识库(AI 学习助手),回答安全策略,适龄过滤、禁答题库、引用必显开关（4 语言词库）,禁答词库维护 → 命中走安全话术 → 引用必显可分课程开关,P0；合规；界面与推送支持 ru / uz / en / zh-CN 四语言，默认 ru
总后台,本地知识库(AI 学习助手),效果评估,查看 AI 问答日均量、好评率、转人工率,支持下钻到课程/学员 → 用于知识库迭代,P1
总后台,AI 客服运营,客服 FAQ 知识库,维护退费/价目/政策/门店地址等 FAQ（4 语言）,结构化录入 → 多轮话术树 → 版本管理,P0；界面与推送支持 ru / uz / en / zh-CN 四语言，默认 ru
总后台,AI 客服运营,话术树设计,多轮话术树可视化设计,节点：判断/回复/转人工/工单 → 在线发布,P1
总后台,AI 客服运营,坐席工作台,排队/认领/协同/内部备注/快捷回复,对接 Intercom 或 Freshdesk → 支持多坐席协同 → 内部转交带上下文 → ru/uz 客服分流,P0
总后台,AI 客服运营,质检与回流,抽样会话质检与优质回答入库,抽样比例可配 → 风控关键词命中强制人工复核,P0
总后台,AI 客服运营,SLA 与告警,客服响应 SLA 监控,超 SLA Telegram 推送店长/区域经理,P0；Telegram Bot 推送为主，Email(SendGrid/SES) + APNs/FCM 兜底
总后台,分销中心,分销员准入与合同,教务/分店员工提交申请；总部审批；电子协议存档,审批流：分店初审 → 总部终审 → 电子签章存档（DocuSign / e-IMZO 待选）,P0
总后台,分销中心,商品与佣金规则,可选课程/SKU；首单/复购佣金（UZS）；阶梯/封顶,支持定额/比例 + 多档阶梯 + 单笔/月度封顶,P0
总后台,分销中心,结算周期 T+N 配置,佣金结算周期 N 可配置,默认 T+30；可按分销员/课程差异化,P0；N 取值待客户确认
总后台,分销中心,归因规则,首次访问/首单/续费的归因策略,首访归因窗口 30 天；自购、亲属 Email、异常团单识别为风险,P0
总后台,分销中心,反作弊,异常订单识别与佣金冻结,维度：自购/同 Email 域/同设备/异常退款率高 → 自动冻结 + 人工复核,P0
总后台,分销中心,佣金台账,佣金状态机：待确认/已确认/已支付（UZS）,状态变更需操作日志 → 退款自动冲减,P0
总后台,分销中心,结算与提现(Payme/Click),佣金结算单生成与 Payme/Click 商户提现,对接 Payme Payout / Click Merchant Payout → 校验银行卡 / Humo/Uzcard → 单笔与日累计限额 → T+N 结算,P0；本地通道
总后台,分销中心,分销报表,按人/店/渠道统计曝光/线索/成交/佣金/ROI（UZS）,支持时间窗口与多维度透视,P0
总后台,分销中心,永久绑定规则,学员/家长一旦绑定分销员永久绑定,自购/退费/跨店成交等异常场景由反作弊规则处理 → 解绑走总部审核,P0；Email + Telegram chat_id + Device ID(IDFA/AAID) 多因子绑定；绑定关系永久保留，仅总部审核可解绑
总后台,营销中心,优惠券中心,创建/编辑/停用优惠券（金额 UZS）,券类型：满减/折扣/兑换；适用范围、领取条件、互斥规则,P0
总后台,营销中心,拼团中心,创建拼团活动,拼团 SKU/人数/有效期/未满团退款 → 与订单中心联动,P0
总后台,营销中心,活动中心,创建多种营销活动,支持秒杀/限时折扣/早鸟价 → 时间窗口管理（Asia/Tashkent）,P1；全局时区 Asia/Tashkent (UTC+5)
总后台,营销中心,本地节假日营销日历,维护乌兹别克本地节假日营销日历,"节点：纳乌鲁孜节(Navruz, 3/21)、独立日(9/1)、开斋节(Eid al-Fitr)、宰牲节(Eid al-Adha)、宪法日(12/8)、新年等 → 模板与活动绑定",P0；本地化运营
总后台,营销中心,转介绍中心,设计转介绍奖励,推荐人/被推荐人奖励规则（UZS）→ 与永久绑定联动,P0
总后台,营销中心,Banner/Telegram Push 投放,学员端 Banner、Telegram Push 模板投放（4 语言）,支持人群圈选与 A/B 实验 → 模板按收件人语言选择,P1；Telegram Bot 推送为主，Email(SendGrid/SES) + APNs/FCM 兜底；界面与推送支持 ru / uz / en / zh-CN 四语言，默认 ru
总后台,数据看板与 BI,集团运营总览,集团关键指标驾驶舱（金额 UZS）,新生数/续费率/营收/分销 ROI/客服满意度 → 默认按月（Asia/Tashkent）,P0；全局时区 Asia/Tashkent (UTC+5)
总后台,数据看板与 BI,分店多维对比,分店对比看板,支持横向多店对比与排名,P0
总后台,数据看板与 BI,课程/教师维度,课程与教师业绩看板,课程销量/续费率/学员评分/完课率；教师同维度,P0
总后台,数据看板与 BI,漏斗分析,招生-试听-成交-续费漏斗,支持渠道维度下钻,P0
总后台,数据看板与 BI,分销 ROI,渠道/分销员 ROI 看板,曝光-点击-注册-成交-佣金（UZS）→ ROI 计算,P0
总后台,数据看板与 BI,学员进退步趋势(集团),集团/分店/班级/个人多层下钻,维度：成绩/出勤/作业/观看时长/掌握度；周/月对比；可视化：折线 + 雷达；阈值告警可配,P0；预警 Telegram Bot 推送为主，Email(SendGrid/SES) + APNs/FCM 兜底
总后台,数据看板与 BI,Mixpanel / Amplitude / GA4 接入,前端埋点对接产品分析,事件命名规范 → SDK 接入 → 用户属性同步 → 仪表盘,P1
总后台,学员档案与永久绑定,学员档案视图,总部可查看全集团学员档案,支持跨分店搜索 → 受权限控制,P0
总后台,学员档案与永久绑定,绑定关系审计,查看任意学员的绑定历史,操作人/时间/原因/审批链 → 不可删除,P0；Email + Telegram chat_id + Device ID(IDFA/AAID) 多因子绑定；绑定关系永久保留，仅总部审核可解绑
总后台,学员档案与永久绑定,解绑审核,受理学员/家长解绑申请,总部审核唯一通道 → 双人复核 → 通过后写入新绑定,P0；Email + Telegram chat_id + Device ID(IDFA/AAID) 多因子绑定；绑定关系永久保留，仅总部审核可解绑
总后台,学员档案与永久绑定,反作弊归因,处理跨店成交、自购、刷单等异常归因,走分销中心反作弊规则 → 必要时人工裁决,P0
总后台,消息中心(Telegram 唯一),消息模板管理,维护各类业务模板（4 语言）,类型：续费/上课/报告/督办/客服/营销；变量占位；同一模板维护 ru/uz/en/zh 四份,P0；界面与推送支持 ru / uz / en / zh-CN 四语言，默认 ru
总后台,消息中心(Telegram 唯一),Telegram Bot 接入,维护 Bot Token、群组、频道、机器人菜单,支持多 Bot 用于不同业务线 → 安全密钥管理（KMS）,P0；依赖 Telegram Bot
总后台,消息中心(Telegram 唯一),Telegram chat_id 验证流,用户绑定 Telegram chat_id 的后台流程,生成一次性 token → /verify 校验 → 写入 user_telegram 表 → 失败重发上限 3 次/小时,P0；Telegram Bot 推送为主，Email(SendGrid/SES) + APNs/FCM 兜底
总后台,消息中心(Telegram 唯一),发送通道矩阵,通道优先级：Telegram → Email → APNs/FCM,通道开关与失败重试策略可配 → Telegram 优先；明确不接 SMS,P0；Telegram Bot 推送为主，Email(SendGrid/SES) + APNs/FCM 兜底
总后台,消息中心(Telegram 唯一),发送日志,查看每条消息的发送结果,成功/失败/重试次数；支持按用户/类型/语言筛选,P0
总后台,消息中心(Telegram 唯一),失败重试与降级,失败时按策略重试与降级,Telegram 失败 3 次 → Email → APNs/FCM；写入失败原因,P0
总后台,消息中心(Telegram 唯一),Email 兜底通道,对接 SendGrid / AWS SES,DKIM/SPF/DMARC 配置 → 4 语言模板 → 退订链接,P0；界面与推送支持 ru / uz / en / zh-CN 四语言，默认 ru
总后台,消息中心(Telegram 唯一),APNs/FCM 应用内推送,iOS APNs + Android FCM,设备 token 管理 → 静默推送 + 提示推送 → 按用户语言渲染,P0；界面与推送支持 ru / uz / en / zh-CN 四语言，默认 ru
总后台,消息中心(Telegram 唯一),多语言模板渲染,按收件人语言偏好选择模板,用户偏好 > 用户地区 > 平台默认 ru,P0；界面与推送支持 ru / uz / en / zh-CN 四语言，默认 ru
总后台,财务与结算,营收报表,集团/分店/课程营收报表（UZS）,支持日/周/月/季/年聚合（Asia/Tashkent）→ 导出 Excel,P0；全局时区 Asia/Tashkent (UTC+5)
总后台,财务与结算,退款台账,退款记录与原因分析,支持按分店/课程/教师筛选；含 Payme/Click 通道维度,P0
总后台,财务与结算,分销佣金结算单,生成佣金结算单与凭证,状态：待结算/已结算/已支付；导出 Payme/Click Payout 批扣文件,P0
总后台,财务与结算,奖惩资金流水,奖惩发放/扣减流水（UZS）,与人事系统对接（可选）,P1
总后台,财务与结算,发票管理(QQS 12%),乌兹别克 QQS 12% 增值税电子发票管理,按乌兹别克税务部门要求生成 PDF；红冲流程支持；具体税率与开票主体待法务确认,P1；按乌兹别克 QQS 12% 增值税口径生成（具体税率以法务确认为准）
总后台,财务与结算,Payme / Click 对账,与 Payme / Click 商户后台对账,每日定时拉取通道流水 → 与平台订单流水比对 → 差异工单,P0；通道对账
总后台,运营营销-Banner & Push,学员端 Banner 投放,在学员端配置 Banner 轮播位（4 语言）,支持人群圈选、时段、跳转链接、A/B 实验,P1；界面与推送支持 ru / uz / en / zh-CN 四语言，默认 ru
总后台,运营营销-Banner & Push,Telegram Push 任务,创建 Telegram 群发任务（4 语言模板）,人群圈选 + 模板 + 发送时间 + 失败重试策略,P1；Telegram Bot 推送为主，Email(SendGrid/SES) + APNs/FCM 兜底；界面与推送支持 ru / uz / en / zh-CN 四语言，默认 ru
总后台,运营营销-Banner & Push,活动效果分析,查看投放点击/转化/ROI（UZS）,归因到具体活动与人群,P1
系统后台,角色与权限,角色管理,维护学员/家长/教师/教务/店长/区域经理/总部管理员/财务/分销员等角色,角色继承与组合 → 同人多角色支持,P0
系统后台,角色与权限,权限矩阵,角色 × 资源 × 操作 三维权限矩阵,细到按钮级权限 → 支持数据级权限（仅看本店/本班）,P0
系统后台,角色与权限,员工账号管理,员工账号开通/停用/重置密码,停用时自动回收会话 token,P0
系统后台,操作审计,全局操作日志,记录所有关键操作,包含登录、订单变更、绑定变更、奖惩、证书签发、知识库变更等,P0
系统后台,操作审计,敏感操作告警,敏感操作触发实时告警,如批量解绑、批量作废证书等 → Telegram 通知总部安全员,P0；Telegram Bot 推送为主，Email(SendGrid/SES) + APNs/FCM 兜底
系统后台,操作审计,审计报表导出,导出指定周期审计报表,支持加密压缩包导出,P1
系统后台,数据备份与恢复,自动备份策略,日全量 + 小时增量备份,保留 30 天近期 + 12 个月月备份；存于 AWS S3 跨可用区,P0；AWS
系统后台,数据备份与恢复,数据恢复演练,支持灾备恢复演练,季度演练 → 留痕,P1
系统后台,数据备份与恢复,数据本地化策略,依乌兹别克 ZRU-547 数据本地化要求评估,P0 缓解方案：AWS Frankfurt(eu-central-1) 或 Mumbai(ap-south-1) + 与本地合规方对接；若强制本地存储则评估本地 IDC；策略与备份分级落地,P0；合规风险，需法务确认
系统后台,系统参数,全局参数配置,维护全局可配参数,如 TG Bot Token、各类阈值、归因窗口、SLA 等,P0
系统后台,系统参数,功能开关,灰度功能开关,按分店/角色/百分比灰度,P1
系统后台,系统参数,环境与多语言,多环境与 4 语言配置,环境：开发/测试/灰度/生产；语言：ru / uz / en / zh-CN（默认 ru）,P0；界面与推送支持 ru / uz / en / zh-CN 四语言，默认 ru
系统后台,系统参数,时区固定化,全局时区配置为 Asia/Tashkent (UTC+5),数据库 UTC 存储；展示/调度/统计统一 Asia/Tashkent,P0；全局时区 Asia/Tashkent (UTC+5)
系统后台,系统参数,货币固定化,全局货币 UZS 单币种,金额展示千分位（如 1 200 000 UZS）；远期扩区可加 RUB/USD（开关位预留）,P0；UZS
系统后台,三方对接管理,Telegram Bot 管理,管理 Bot Token / 群组 / Webhook / chat_id 验证流,Token 加密存储（AWS KMS）→ 操作需双因素认证,P0
系统后台,三方对接管理,支付通道管理(Payme/Click/Uzum/Humo/Uzcard/Apelsin),管理本地支付通道,Key/Secret 加密存储 → 切换通道留痕 → 通道开关 + 限额,P0；对接 Payme / Click（P0）+ Uzum / Humo / Uzcard（P1）+ Apelsin（P2），结算币种 UZS
系统后台,三方对接管理,AWS 资源管理,管理 AWS S3/MediaConvert/CloudFront/SES/Transcribe 等,AK/SK 加密存储 → 用量监控 → 区域：eu-central-1 / ap-south-1 推荐,P0
系统后台,三方对接管理,直播 SDK 管理,管理 Agora / 100ms / LiveKit 接入,回调地址/鉴权密钥/配额监控；CIS 节点覆盖,P0
系统后台,三方对接管理,AI 模型管理,管理 OpenAI / Anthropic Claude / Google Gemini 与 Embedding/Whisper,模型切换/灰度/回退 → 调用配额监控 → 4 语言能力评估,P0；界面与推送支持 ru / uz / en / zh-CN 四语言，默认 ru
系统后台,三方对接管理,Email 通道管理(SendGrid/SES),管理 Email 通道,DKIM/SPF/DMARC 配置 → 模板报备 → 退信处理,P0
系统后台,三方对接管理,客服通道管理,管理 Intercom / Freshdesk,API Token 加密 → 会话同步 → 工单同步,P0
系统后台,三方对接管理,分析工具管理(Mixpanel/Amplitude/GA4),管理产品分析工具,事件命名规范 → SDK 配置 → 隐私 Consent 联动,P1
系统后台,三方对接管理,电子签章管理,管理境外 DocuSign / 乌兹别克 e-IMZO（待定）,签章主体配置 → 证书签章存档,P1；选型待法务确认
系统后台,合规与隐私,个人信息授权清单,维护授权类型与文案（4 语言）,默认拒绝 + 显式同意 → 撤回机制；按 ZRU-547 与 GDPR 兼容,P0；合规；界面与推送支持 ru / uz / en / zh-CN 四语言，默认 ru
系统后台,合规与隐私,Cookie / 跟踪同意横幅,Web/H5 首次访问展示 Consent Banner,分类：必要/统计/营销；用户选择前不加载非必要 SDK；选择记录留痕,P0；GDPR 兼容
系统后台,合规与隐私,数据导出与删除,学员/家长行使数据可携权与删除权,提交申请 → 7 个工作日内响应 → 留必要交易凭证（按税务）,P0；ZRU-547 / GDPR
系统后台,合规与隐私,内容合规审查,对 AI 回答/直播/UGC 进行合规审查（4 语言词库）,敏感词库 + 人工抽检 → 高风险拦截,P0；合规；界面与推送支持 ru / uz / en / zh-CN 四语言，默认 ru
系统后台,合规与隐私,未成年人保护策略(COPPA),未成年专项保护,强制家长 Verifiable Consent → 时长限制 → 大额支付二次校验,P0；合规
系统后台,合规与隐私,ATT (App Tracking Transparency),iOS 14+ ATT 弹窗合规,首次启动追踪类用途前必须弹 ATT 授权 → 拒绝则关闭 IDFA 采集 → 仍可走非追踪归因（Branch 概率匹配）,P0；iOS 合规
系统后台,合规与隐私,iOS Privacy Manifest,iOS 17+ 隐私清单 PrivacyInfo.xcprivacy,声明 SDK 使用数据类型与用途 → 关联三方 SDK 隐私 → App Store 审核必备,P0；iOS 合规
公共,通用能力,全局搜索,学员/订单/课程/证书等全局搜索（4 语言）,按权限范围检索 → 模糊匹配 + 高亮 → 支持 ru/uz/en/zh 多语分词,P1；界面与推送支持 ru / uz / en / zh-CN 四语言，默认 ru
公共,通用能力,文件存储与 CDN,统一文件存储与 CDN 分发,AWS S3 + CloudFront（备选 Bunny CDN，对 CIS 表现好）→ 鉴权 URL,P0；AWS
公共,通用能力,敏感词库,全平台共用敏感词库（4 语言）,运营可配 → 实时生效,P0；界面与推送支持 ru / uz / en / zh-CN 四语言，默认 ru
公共,通用能力,国际化与时区(已固化),4 语言 + Asia/Tashkent 单时区,按用户偏好显示；新加语言/时区需走平台升级流程,P0；界面与推送支持 ru / uz / en / zh-CN 四语言，默认 ru；全局时区 Asia/Tashkent (UTC+5)
公共,通用能力,帮助中心,帮助文档与视频教程（4 语言）,按角色/端口分类 → 支持搜索,P2；界面与推送支持 ru / uz / en / zh-CN 四语言，默认 ru
公共,通用能力,版本更新公告,重要功能更新公告,弹窗或站内信 → 不强制确认可配,P2
公共,通用能力,水印与防截屏,重要页面水印（Email 哈希尾段）,证书页/直播页/课件页强水印,P0
公共,通用能力,接口与系统监控,全平台 SLA、错误率、调用量监控,异常 Telegram 告警 → 运维值班响应,P1；Telegram Bot 推送为主，Email(SendGrid/SES) + APNs/FCM 兜底
公共,通用能力,金额格式化工具,全平台 UZS 金额展示工具方法,千分位（空格作分隔符）+ 小数 0 位 → 输出形如 1 200 000 UZS,P0
公共,通用能力,日期/时间格式化工具,全平台 Asia/Tashkent 时间展示工具,ISO 8601 内部存储 UTC → 展示 yyyy-MM-dd HH:mm (UTC+5) → 支持俄/乌/英/中本地格式,P0；全局时区 Asia/Tashkent (UTC+5)
